log_date,staff_id,staff_name,type,amount
2026-01-01,ST01,Lina,Sales,34808
2026-01-01,ST01,Lina,Procurement,15027
2026-01-01,ST03,Occhan,Sales,32287
2026-01-01,ST03,Occhan,Procurement,15174
2026-01-01,ST02,Poco,Sales,11707
2026-01-01,ST02,Poco,Procurement,1721
2026-01-02,ST01,Lina,Sales,32880
2026-01-02,ST01,Lina,Procurement,12578
2026-01-02,ST03,Occhan,Sales,22136
2026-01-02,ST03,Occhan,Procurement,11305
2026-01-02,ST02,Poco,Sales,0
2026-01-03,ST01,Lina,Sales,36341
2026-01-03,ST01,Lina,Procurement,15863
2026-01-03,ST03,Occhan,Sales,30031
2026-01-03,ST03,Occhan,Procurement,15680
2026-01-03,ST02,Poco,Sales,13111
2026-01-03,ST02,Poco,Procurement,1855
2026-01-05,ST01,Lina,Sales,33830
2026-01-05,ST01,Lina,Procurement,13497
2026-01-05,ST03,Occhan,Sales,10268
2026-01-05,ST03,Occhan,Procurement,4541
2026-01-05,ST02,Poco,Sales,14440
2026-01-05,ST02,Poco,Procurement,1960
2026-01-06,ST01,Lina,Sales,37503
2026-01-06,ST01,Lina,Procurement,15037
2026-01-06,ST03,Occhan,Sales,25806
2026-01-06,ST03,Occhan,Procurement,12317
2026-01-06,ST02,Poco,Sales,0
2026-01-07,ST01,Lina,Sales,38026
2026-01-07,ST01,Lina,Procurement,15636
2026-01-07,ST03,Occhan,Sales,32607
2026-01-07,ST03,Occhan,Procurement,15813
2026-01-07,ST02,Poco,Sales,10915
2026-01-07,ST02,Poco,Procurement,1592
2026-01-08,ST01,Lina,Sales,27921
2026-01-08,ST01,Lina,Procurement,11183
2026-01-08,ST03,Occhan,Sales,30665
2026-01-08,ST03,Occhan,Procurement,14695
2026-01-08,ST02,Poco,Sales,0
2026-01-09,ST01,Lina,Sales,29119
2026-01-09,ST01,Lina,Procurement,11416
2026-01-09,ST03,Occhan,Sales,25177
2026-01-09,ST03,Occhan,Procurement,11800
2026-01-09,ST02,Poco,Sales,13909
2026-01-09,ST02,Poco,Procurement,1848
2026-01-10,ST01,Lina,Sales,36159
2026-01-10,ST01,Lina,Procurement,14662
2026-01-10,ST03,Occhan,Sales,27210
2026-01-10,ST03,Occhan,Procurement,12343
2026-01-10,ST02,Poco,Sales,0
2026-01-12,ST01,Lina,Sales,29867
2026-01-12,ST01,Lina,Procurement,11903
2026-01-12,ST03,Occhan,Sales,5437
2026-01-12,ST03,Occhan,Procurement,2419
2026-01-12,ST02,Poco,Sales,12602
2026-01-12,ST02,Poco,Procurement,1933
2026-01-13,ST01,Lina,Sales,38446
2026-01-13,ST01,Lina,Procurement,15105
2026-01-13,ST03,Occhan,Sales,25797
2026-01-13,ST03,Occhan,Procurement,11860
2026-01-13,ST02,Poco,Sales,11223
2026-01-13,ST02,Poco,Procurement,1702
2026-01-14,ST01,Lina,Sales,29860
2026-01-14,ST01,Lina,Procurement,11839
2026-01-14,ST03,Occhan,Sales,24423
2026-01-14,ST03,Occhan,Procurement,11001
2026-01-14,ST02,Poco,Sales,14767
2026-01-14,ST02,Poco,Procurement,2200
2026-01-15,ST01,Lina,Sales,38101
2026-01-15,ST01,Lina,Procurement,13800
2026-01-15,ST03,Occhan,Sales,23996
2026-01-15,ST03,Occhan,Procurement,11790
2026-01-15,ST02,Poco,Sales,10165
2026-01-15,ST02,Poco,Procurement,1514
2026-01-16,ST01,Lina,Sales,30279
2026-01-16,ST01,Lina,Procurement,11539
2026-01-16,ST03,Occhan,Sales,27092
2026-01-16,ST03,Occhan,Procurement,13251
2026-01-16,ST02,Poco,Sales,14502
2026-01-16,ST02,Poco,Procurement,1887
2026-01-17,ST01,Lina,Sales,27383
2026-01-17,ST01,Lina,Procurement,11830
2026-01-17,ST03,Occhan,Sales,22822
2026-01-17,ST03,Occhan,Procurement,10736
2026-01-17,ST02,Poco,Sales,14577
2026-01-17,ST02,Poco,Procurement,1838
2026-01-19,ST01,Lina,Sales,28559
2026-01-19,ST01,Lina,Procurement,11523
2026-01-19,ST03,Occhan,Sales,7431
2026-01-19,ST03,Occhan,Procurement,3278
2026-01-19,ST02,Poco,Sales,12602
2026-01-19,ST02,Poco,Procurement,1918
2026-01-20,ST01,Lina,Sales,30412
2026-01-20,ST01,Lina,Procurement,12168
2026-01-20,ST03,Occhan,Sales,24855
2026-01-20,ST03,Occhan,Procurement,11197
2026-01-20,ST02,Poco,Sales,14145
2026-01-20,ST02,Poco,Procurement,1861
2026-01-21,ST01,Lina,Sales,31716
2026-01-21,ST01,Lina,Procurement,12264
2026-01-21,ST03,Occhan,Sales,23025
2026-01-21,ST03,Occhan,Procurement,10916
2026-01-21,ST02,Poco,Sales,14991
2026-01-21,ST02,Poco,Procurement,2037
2026-01-22,ST01,Lina,Sales,34771
2026-01-22,ST01,Lina,Procurement,15246
2026-01-22,ST03,Occhan,Sales,23585
2026-01-22,ST03,Occhan,Procurement,10345
2026-01-22,ST02,Poco,Sales,13243
2026-01-22,ST02,Poco,Procurement,1816
2026-01-23,ST01,Lina,Sales,34861
2026-01-23,ST01,Lina,Procurement,13799
2026-01-23,ST03,Occhan,Sales,23200
2026-01-23,ST03,Occhan,Procurement,11736
2026-01-23,ST02,Poco,Sales,14332
2026-01-23,ST02,Poco,Procurement,1922
2026-01-24,ST01,Lina,Sales,34899
2026-01-24,ST01,Lina,Procurement,14895
2026-01-24,ST03,Occhan,Sales,22199
2026-01-24,ST03,Occhan,Procurement,11664
2026-01-24,ST02,Poco,Sales,13215
2026-01-24,ST02,Poco,Procurement,1670
2026-01-26,ST01,Lina,Sales,36394
2026-01-26,ST01,Lina,Procurement,15127
2026-01-26,ST03,Occhan,Sales,7952
2026-01-26,ST03,Occhan,Procurement,3892
2026-01-26,ST02,Poco,Sales,11092
2026-01-26,ST02,Poco,Procurement,1705
2026-01-27,ST01,Lina,Sales,32074
2026-01-27,ST01,Lina,Procurement,11712
2026-01-27,ST03,Occhan,Sales,24000
2026-01-27,ST03,Occhan,Procurement,10829
2026-01-27,ST02,Poco,Sales,10904
2026-01-27,ST02,Poco,Procurement,1679
2026-01-28,ST01,Lina,Sales,36138
2026-01-28,ST01,Lina,Procurement,13344
2026-01-28,ST03,Occhan,Sales,26803
2026-01-28,ST03,Occhan,Procurement,13066
2026-01-28,ST02,Poco,Sales,12861
2026-01-28,ST02,Poco,Procurement,1649
2026-01-29,ST01,Lina,Sales,35842
2026-01-29,ST01,Lina,Procurement,13902
2026-01-29,ST03,Occhan,Sales,24999
2026-01-29,ST03,Occhan,Procurement,13084
2026-01-29,ST02,Poco,Sales,13374
2026-01-29,ST02,Poco,Procurement,1783
2026-01-30,ST01,Lina,Sales,34058
2026-01-30,ST01,Lina,Procurement,14957
2026-01-30,ST03,Occhan,Sales,25299
2026-01-30,ST03,Occhan,Procurement,11380
2026-01-30,ST02,Poco,Sales,0
2026-01-31,ST01,Lina,Sales,38789
2026-01-31,ST01,Lina,Procurement,16682
2026-01-31,ST03,Occhan,Sales,31856
2026-01-31,ST03,Occhan,Procurement,14896
2026-01-31,ST02,Poco,Sales,11125
2026-01-31,ST02,Poco,Procurement,1541
2026-02-02,ST01,Lina,Sales,29294
2026-02-02,ST01,Lina,Procurement,11231
2026-02-02,ST03,Occhan,Sales,10260
2026-02-02,ST03,Occhan,Procurement,4828
2026-02-02,ST02,Poco,Sales,0
2026-02-03,ST01,Lina,Sales,37098
2026-02-03,ST01,Lina,Procurement,15617
2026-02-03,ST03,Occhan,Sales,22212
2026-02-03,ST03,Occhan,Procurement,10800
2026-02-03,ST02,Poco,Sales,10188
2026-02-03,ST02,Poco,Procurement,1408
2026-02-04,ST01,Lina,Sales,32176
2026-02-04,ST01,Lina,Procurement,11786
2026-02-04,ST03,Occhan,Sales,25152
2026-02-04,ST03,Occhan,Procurement,12200
2026-02-04,ST02,Poco,Sales,14583
2026-02-04,ST02,Poco,Procurement,2033
2026-02-05,ST01,Lina,Sales,27801
2026-02-05,ST01,Lina,Procurement,10244
2026-02-05,ST03,Occhan,Sales,31259
2026-02-05,ST03,Occhan,Procurement,16018
2026-02-05,ST02,Poco,Sales,0
2026-02-06,ST01,Lina,Sales,31074
2026-02-06,ST01,Lina,Procurement,11648
2026-02-06,ST03,Occhan,Sales,27895
2026-02-06,ST03,Occhan,Procurement,13886
2026-02-06,ST02,Poco,Sales,12851
2026-02-06,ST02,Poco,Procurement,1837
2026-02-07,ST01,Lina,Sales,28559
2026-02-07,ST01,Lina,Procurement,11642
2026-02-07,ST03,Occhan,Sales,24666
2026-02-07,ST03,Occhan,Procurement,11905
2026-02-07,ST02,Poco,Sales,12270
2026-02-07,ST02,Poco,Procurement,1595
2026-02-09,ST01,Lina,Sales,27222
2026-02-09,ST01,Lina,Procurement,10127
2026-02-09,ST03,Occhan,Sales,9137
2026-02-09,ST03,Occhan,Procurement,4133
2026-02-09,ST02,Poco,Sales,13391
2026-02-09,ST02,Poco,Procurement,1744
2026-02-10,ST01,Lina,Sales,29516
2026-02-10,ST01,Lina,Procurement,11512
2026-02-10,ST03,Occhan,Sales,22670
2026-02-10,ST03,Occhan,Procurement,11843
2026-02-10,ST02,Poco,Sales,10482
2026-02-10,ST02,Poco,Procurement,1517
2026-02-11,ST01,Lina,Sales,36182
2026-02-11,ST01,Lina,Procurement,15449
2026-02-11,ST03,Occhan,Sales,28833
2026-02-11,ST03,Occhan,Procurement,13099
2026-02-11,ST02,Poco,Sales,13842
2026-02-11,ST02,Poco,Procurement,2123
2026-02-12,ST01,Lina,Sales,34733
2026-02-12,ST01,Lina,Procurement,13128
2026-02-12,ST03,Occhan,Sales,22421
2026-02-12,ST03,Occhan,Procurement,9781
2026-02-12,ST02,Poco,Sales,12002
2026-02-12,ST02,Poco,Procurement,1825
2026-02-13,ST01,Lina,Sales,33487
2026-02-13,ST01,Lina,Procurement,12160
2026-02-13,ST03,Occhan,Sales,25440
2026-02-13,ST03,Occhan,Procurement,12865
2026-02-13,ST02,Poco,Sales,0
2026-02-14,ST01,Lina,Sales,35251
2026-02-14,ST01,Lina,Procurement,13966
2026-02-14,ST03,Occhan,Sales,25288
2026-02-14,ST03,Occhan,Procurement,13289
2026-02-14,ST02,Poco,Sales,13522
2026-02-14,ST02,Poco,Procurement,1929
2026-02-16,ST01,Lina,Sales,28491
2026-02-16,ST01,Lina,Procurement,11166
2026-02-16,ST03,Occhan,Sales,12087
2026-02-16,ST03,Occhan,Procurement,5278
2026-02-16,ST02,Poco,Sales,14058
2026-02-16,ST02,Poco,Procurement,1975
2026-02-17,ST01,Lina,Sales,31052
2026-02-17,ST01,Lina,Procurement,12854
2026-02-17,ST03,Occhan,Sales,25421
2026-02-17,ST03,Occhan,Procurement,11148
2026-02-17,ST02,Poco,Sales,12258
2026-02-17,ST02,Poco,Procurement,1819
2026-02-18,ST01,Lina,Sales,38450
2026-02-18,ST01,Lina,Procurement,15966
2026-02-18,ST03,Occhan,Sales,23079
2026-02-18,ST03,Occhan,Procurement,10769
2026-02-18,ST02,Poco,Sales,13707
2026-02-18,ST02,Poco,Procurement,1800
2026-02-19,ST01,Lina,Sales,33885
2026-02-19,ST01,Lina,Procurement,14492
2026-02-19,ST03,Occhan,Sales,30811
2026-02-19,ST03,Occhan,Procurement,14645
2026-02-19,ST02,Poco,Sales,10784
2026-02-19,ST02,Poco,Procurement,1586
2026-02-20,ST01,Lina,Sales,32405
2026-02-20,ST01,Lina,Procurement,12152
2026-02-20,ST03,Occhan,Sales,32913
2026-02-20,ST03,Occhan,Procurement,15574
2026-02-20,ST02,Poco,Sales,10081
2026-02-20,ST02,Poco,Procurement,1550
2026-02-21,ST01,Lina,Sales,37631
2026-02-21,ST01,Lina,Procurement,16489
2026-02-21,ST03,Occhan,Sales,27363
2026-02-21,ST03,Occhan,Procurement,13045
2026-02-21,ST02,Poco,Sales,12643
2026-02-21,ST02,Poco,Procurement,1647
2026-02-23,ST01,Lina,Sales,37118
2026-02-23,ST01,Lina,Procurement,14484
2026-02-23,ST03,Occhan,Sales,6622
2026-02-23,ST03,Occhan,Procurement,3388
2026-02-23,ST02,Poco,Sales,12218
2026-02-23,ST02,Poco,Procurement,1597
2026-02-24,ST01,Lina,Sales,26265
2026-02-24,ST01,Lina,Procurement,10162
2026-02-24,ST03,Occhan,Sales,28282
2026-02-24,ST03,Occhan,Procurement,14268
2026-02-24,ST02,Poco,Sales,11196
2026-02-24,ST02,Poco,Procurement,1553
2026-02-25,ST01,Lina,Sales,35576
2026-02-25,ST01,Lina,Procurement,13942
2026-02-25,ST03,Occhan,Sales,26526
2026-02-25,ST03,Occhan,Procurement,13244
2026-02-25,ST02,Poco,Sales,14344
2026-02-25,ST02,Poco,Procurement,2123
2026-02-26,ST01,Lina,Sales,26943
2026-02-26,ST01,Lina,Procurement,11689
2026-02-26,ST03,Occhan,Sales,26815
2026-02-26,ST03,Occhan,Procurement,13854
2026-02-26,ST02,Poco,Sales,14229
2026-02-26,ST02,Poco,Procurement,1926
2026-02-27,ST01,Lina,Sales,33673
2026-02-27,ST01,Lina,Procurement,13814
2026-02-27,ST03,Occhan,Sales,24718
2026-02-27,ST03,Occhan,Procurement,13025
2026-02-27,ST02,Poco,Sales,12408
2026-02-27,ST02,Poco,Procurement,1717
2026-02-28,ST01,Lina,Sales,26062
2026-02-28,ST01,Lina,Procurement,10047
2026-02-28,ST03,Occhan,Sales,28708
2026-02-28,ST03,Occhan,Procurement,13428
2026-02-28,ST02,Poco,Sales,14043
2026-02-28,ST02,Poco,Procurement,1775
2026-03-02,ST01,Lina,Sales,27240
2026-03-02,ST01,Lina,Procurement,11028
2026-03-02,ST03,Occhan,Sales,6435
2026-03-02,ST03,Occhan,Procurement,3314
2026-03-02,ST02,Poco,Sales,0
2026-03-03,ST01,Lina,Sales,37748
2026-03-03,ST01,Lina,Procurement,14219
2026-03-03,ST03,Occhan,Sales,29515
2026-03-03,ST03,Occhan,Procurement,13628
2026-03-03,ST02,Poco,Sales,12349
2026-03-03,ST02,Poco,Procurement,1705
2026-03-04,ST01,Lina,Sales,26054
2026-03-04,ST01,Lina,Procurement,10464
2026-03-04,ST03,Occhan,Sales,25145
2026-03-04,ST03,Occhan,Procurement,12759
2026-03-04,ST02,Poco,Sales,10355
2026-03-04,ST02,Poco,Procurement,1376
2026-03-05,ST01,Lina,Sales,26067
2026-03-05,ST01,Lina,Procurement,10007
2026-03-05,ST03,Occhan,Sales,22775
2026-03-05,ST03,Occhan,Procurement,10906
2026-03-05,ST02,Poco,Sales,13509
2026-03-05,ST02,Poco,Procurement,1924
2026-03-06,ST01,Lina,Sales,29322
2026-03-06,ST01,Lina,Procurement,10637
2026-03-06,ST03,Occhan,Sales,23112
2026-03-06,ST03,Occhan,Procurement,11466
2026-03-06,ST02,Poco,Sales,0
2026-03-07,ST01,Lina,Sales,26646
2026-03-07,ST01,Lina,Procurement,10182
2026-03-07,ST03,Occhan,Sales,29928
2026-03-07,ST03,Occhan,Procurement,13772
2026-03-07,ST02,Poco,Sales,12902
2026-03-07,ST02,Poco,Procurement,1758
2026-03-09,ST01,Lina,Sales,28058
2026-03-09,ST01,Lina,Procurement,10164
2026-03-09,ST03,Occhan,Sales,11008
2026-03-09,ST03,Occhan,Procurement,5751
2026-03-09,ST02,Poco,Sales,14663
2026-03-09,ST02,Poco,Procurement,1876
2026-03-10,ST01,Lina,Sales,27167
2026-03-10,ST01,Lina,Procurement,11056
2026-03-10,ST03,Occhan,Sales,22686
2026-03-10,ST03,Occhan,Procurement,11755
2026-03-10,ST02,Poco,Sales,11152
2026-03-10,ST02,Poco,Procurement,1480
2026-03-11,ST01,Lina,Sales,36787
2026-03-11,ST01,Lina,Procurement,15892
2026-03-11,ST03,Occhan,Sales,22316
2026-03-11,ST03,Occhan,Procurement,9648
2026-03-11,ST02,Poco,Sales,11746
2026-03-11,ST02,Poco,Procurement,1503
2026-03-12,ST01,Lina,Sales,30686
2026-03-12,ST01,Lina,Procurement,13239
2026-03-12,ST03,Occhan,Sales,28794
2026-03-12,ST03,Occhan,Procurement,14549
2026-03-12,ST02,Poco,Sales,11652
2026-03-12,ST02,Poco,Procurement,1768
2026-03-13,ST01,Lina,Sales,26452
2026-03-13,ST01,Lina,Procurement,11225
2026-03-13,ST03,Occhan,Sales,26708
2026-03-13,ST03,Occhan,Procurement,13802
2026-03-13,ST02,Poco,Sales,13242
2026-03-13,ST02,Poco,Procurement,1761
2026-03-14,ST01,Lina,Sales,34337
2026-03-14,ST01,Lina,Procurement,14407
2026-03-14,ST03,Occhan,Sales,28117
2026-03-14,ST03,Occhan,Procurement,13153
2026-03-14,ST02,Poco,Sales,10877
2026-03-14,ST02,Poco,Procurement,1544
2026-03-16,ST01,Lina,Sales,31965
2026-03-16,ST01,Lina,Procurement,12418
2026-03-16,ST03,Occhan,Sales,11277
2026-03-16,ST03,Occhan,Procurement,5378
2026-03-16,ST02,Poco,Sales,13922
2026-03-16,ST02,Poco,Procurement,1922
2026-03-17,ST01,Lina,Sales,31467
2026-03-17,ST01,Lina,Procurement,13800
2026-03-17,ST03,Occhan,Sales,29591
2026-03-17,ST03,Occhan,Procurement,13801
2026-03-17,ST02,Poco,Sales,13175
2026-03-17,ST02,Poco,Procurement,1940
2026-03-18,ST01,Lina,Sales,33470
2026-03-18,ST01,Lina,Procurement,13540
2026-03-18,ST03,Occhan,Sales,30204
2026-03-18,ST03,Occhan,Procurement,13528
2026-03-18,ST02,Poco,Sales,10486
2026-03-18,ST02,Poco,Procurement,1545
2026-03-19,ST01,Lina,Sales,36654
2026-03-19,ST01,Lina,Procurement,13442
2026-03-19,ST03,Occhan,Sales,32712
2026-03-19,ST03,Occhan,Procurement,16854
2026-03-19,ST02,Poco,Sales,11935
2026-03-19,ST02,Poco,Procurement,1800
2026-03-20,ST01,Lina,Sales,35913
2026-03-20,ST01,Lina,Procurement,14296
2026-03-20,ST03,Occhan,Sales,23484
2026-03-20,ST03,Occhan,Procurement,11907
2026-03-20,ST02,Poco,Sales,10008
2026-03-20,ST02,Poco,Procurement,1311
2026-03-21,ST01,Lina,Sales,31274
2026-03-21,ST01,Lina,Procurement,11423
2026-03-21,ST03,Occhan,Sales,24723
2026-03-21,ST03,Occhan,Procurement,12521
2026-03-21,ST02,Poco,Sales,14637
2026-03-21,ST02,Poco,Procurement,2156
2026-03-23,ST01,Lina,Sales,31951
2026-03-23,ST01,Lina,Procurement,13643
2026-03-23,ST03,Occhan,Sales,6309
2026-03-23,ST03,Occhan,Procurement,2747
2026-03-23,ST02,Poco,Sales,0
2026-03-24,ST01,Lina,Sales,27602
2026-03-24,ST01,Lina,Procurement,11882
2026-03-24,ST03,Occhan,Sales,29947
2026-03-24,ST03,Occhan,Procurement,13878
2026-03-24,ST02,Poco,Sales,14720
2026-03-24,ST02,Poco,Procurement,2115
2026-03-25,ST01,Lina,Sales,37091
2026-03-25,ST01,Lina,Procurement,13375
2026-03-25,ST03,Occhan,Sales,27410
2026-03-25,ST03,Occhan,Procurement,12021
2026-03-25,ST02,Poco,Sales,14828
2026-03-25,ST02,Poco,Procurement,2020
2026-03-26,ST01,Lina,Sales,31871
2026-03-26,ST01,Lina,Procurement,13146
2026-03-26,ST03,Occhan,Sales,24267
2026-03-26,ST03,Occhan,Procurement,11883
2026-03-26,ST02,Poco,Sales,0
2026-03-27,ST01,Lina,Sales,35183
2026-03-27,ST01,Lina,Procurement,12854
2026-03-27,ST03,Occhan,Sales,29242
2026-03-27,ST03,Occhan,Procurement,14636
2026-03-27,ST02,Poco,Sales,11356
2026-03-27,ST02,Poco,Procurement,1529
2026-03-28,ST01,Lina,Sales,34397
2026-03-28,ST01,Lina,Procurement,13786
2026-03-28,ST03,Occhan,Sales,29913
2026-03-28,ST03,Occhan,Procurement,14364
2026-03-28,ST02,Poco,Sales,14469
2026-03-28,ST02,Poco,Procurement,2210
2026-03-30,ST01,Lina,Sales,38448
2026-03-30,ST01,Lina,Procurement,14623
2026-03-30,ST03,Occhan,Sales,24200
2026-03-30,ST03,Occhan,Procurement,11586
2026-03-30,ST02,Poco,Sales,10276
2026-03-30,ST02,Poco,Procurement,1337
2026-03-31,ST01,Lina,Sales,34294
2026-03-31,ST01,Lina,Procurement,13358
2026-03-31,ST03,Occhan,Sales,26373
2026-03-31,ST03,Occhan,Procurement,13137
2026-03-31,ST02,Poco,Sales,11832
2026-03-31,ST02,Poco,Procurement,1502
2026-04-01,ST01,Lina,Sales,29970
2026-04-01,ST01,Lina,Procurement,11353
2026-04-01,ST03,Occhan,Sales,29371
2026-04-01,ST03,Occhan,Procurement,14210
2026-04-01,ST02,Poco,Sales,13779
2026-04-01,ST02,Poco,Procurement,1966
2026-04-02,ST01,Lina,Sales,35070
2026-04-02,ST01,Lina,Procurement,14983
2026-04-02,ST03,Occhan,Sales,30290
2026-04-02,ST03,Occhan,Procurement,15412
2026-04-02,ST02,Poco,Sales,12382
2026-04-02,ST02,Poco,Procurement,1638
2026-04-03,ST01,Lina,Sales,35120
2026-04-03,ST01,Lina,Procurement,14890
2026-04-03,ST03,Occhan,Sales,28840
2026-04-03,ST03,Occhan,Procurement,12992
2026-04-03,ST02,Poco,Sales,14310
2026-04-03,ST02,Poco,Procurement,1860
2026-04-04,ST01,Lina,Sales,38036
2026-04-04,ST01,Lina,Procurement,15948
2026-04-04,ST03,Occhan,Sales,22982
2026-04-04,ST03,Occhan,Procurement,11474
2026-04-04,ST02,Poco,Sales,12439
2026-04-04,ST02,Poco,Procurement,1810
2026-04-06,ST01,Lina,Sales,33290
2026-04-06,ST01,Lina,Procurement,14565
2026-04-06,ST03,Occhan,Sales,7464
2026-04-06,ST03,Occhan,Procurement,3399
2026-04-06,ST02,Poco,Sales,10233
2026-04-06,ST02,Poco,Procurement,1294
2026-04-07,ST01,Lina,Sales,36103
2026-04-07,ST01,Lina,Procurement,13266
2026-04-07,ST03,Occhan,Sales,29225
2026-04-07,ST03,Occhan,Procurement,14304
2026-04-07,ST02,Poco,Sales,0
2026-04-08,ST01,Lina,Sales,26332
2026-04-08,ST01,Lina,Procurement,10664
2026-04-08,ST03,Occhan,Sales,24690
2026-04-08,ST03,Occhan,Procurement,11398
2026-04-08,ST02,Poco,Sales,12195
2026-04-08,ST02,Poco,Procurement,1734
2026-04-09,ST01,Lina,Sales,26215
2026-04-09,ST01,Lina,Procurement,10735
2026-04-09,ST03,Occhan,Sales,26700
2026-04-09,ST03,Occhan,Procurement,11694
2026-04-09,ST02,Poco,Sales,11042
2026-04-09,ST02,Poco,Procurement,1555
2026-04-10,ST01,Lina,Sales,29172
2026-04-10,ST01,Lina,Procurement,11326
2026-04-10,ST03,Occhan,Sales,23704
2026-04-10,ST03,Occhan,Procurement,10873
2026-04-10,ST02,Poco,Sales,14059
2026-04-10,ST02,Poco,Procurement,1966
2026-04-11,ST01,Lina,Sales,28658
2026-04-11,ST01,Lina,Procurement,12173
2026-04-11,ST03,Occhan,Sales,23446
2026-04-11,ST03,Occhan,Procurement,12006
2026-04-11,ST02,Poco,Sales,10775
2026-04-11,ST02,Poco,Procurement,1380
2026-04-13,ST01,Lina,Sales,26619
2026-04-13,ST01,Lina,Procurement,9625
2026-04-13,ST03,Occhan,Sales,8076
2026-04-13,ST03,Occhan,Procurement,4013
2026-04-13,ST02,Poco,Sales,0
2026-04-14,ST01,Lina,Sales,26905
2026-04-14,ST01,Lina,Procurement,11552
2026-04-14,ST03,Occhan,Sales,32211
2026-04-14,ST03,Occhan,Procurement,16734
2026-04-14,ST02,Poco,Sales,13483
2026-04-14,ST02,Poco,Procurement,1922
2026-04-15,ST01,Lina,Sales,36957
2026-04-15,ST01,Lina,Procurement,15101
2026-04-15,ST03,Occhan,Sales,22658
2026-04-15,ST03,Occhan,Procurement,10577
2026-04-15,ST02,Poco,Sales,13670
2026-04-15,ST02,Poco,Procurement,2057
2026-04-16,ST01,Lina,Sales,34196
2026-04-16,ST01,Lina,Procurement,14907
2026-04-16,ST03,Occhan,Sales,23338
2026-04-16,ST03,Occhan,Procurement,10627
2026-04-16,ST02,Poco,Sales,13895
2026-04-16,ST02,Poco,Procurement,1937
2026-04-17,ST01,Lina,Sales,27171
2026-04-17,ST01,Lina,Procurement,11194
2026-04-17,ST03,Occhan,Sales,29226
2026-04-17,ST03,Occhan,Procurement,14274
2026-04-17,ST02,Poco,Sales,11965
2026-04-17,ST02,Poco,Procurement,1508
2026-04-18,ST01,Lina,Sales,34310
2026-04-18,ST01,Lina,Procurement,13245
2026-04-18,ST03,Occhan,Sales,29766
2026-04-18,ST03,Occhan,Procurement,13175
2026-04-18,ST02,Poco,Sales,10766
2026-04-18,ST02,Poco,Procurement,1405
2026-04-20,ST01,Lina,Sales,29725
2026-04-20,ST01,Lina,Procurement,12293
2026-04-20,ST03,Occhan,Sales,10655
2026-04-20,ST03,Occhan,Procurement,4672
2026-04-20,ST02,Poco,Sales,13729
2026-04-20,ST02,Poco,Procurement,1839
2026-04-21,ST01,Lina,Sales,29314
2026-04-21,ST01,Lina,Procurement,12593
2026-04-21,ST03,Occhan,Sales,27652
2026-04-21,ST03,Occhan,Procurement,12230
2026-04-21,ST02,Poco,Sales,10533
2026-04-21,ST02,Poco,Procurement,1530
2026-04-22,ST01,Lina,Sales,35598
2026-04-22,ST01,Lina,Procurement,14829
2026-04-22,ST03,Occhan,Sales,26964
2026-04-22,ST03,Occhan,Procurement,14124
2026-04-22,ST02,Poco,Sales,10804
2026-04-22,ST02,Poco,Procurement,1549
2026-04-23,ST01,Lina,Sales,38475
2026-04-23,ST01,Lina,Procurement,15294
2026-04-23,ST03,Occhan,Sales,25026
2026-04-23,ST03,Occhan,Procurement,11362
2026-04-23,ST02,Poco,Sales,0
2026-04-24,ST01,Lina,Sales,33977
2026-04-24,ST01,Lina,Procurement,13904
2026-04-24,ST03,Occhan,Sales,23606
2026-04-24,ST03,Occhan,Procurement,12129
2026-04-24,ST02,Poco,Sales,12640
2026-04-24,ST02,Poco,Procurement,1660
2026-04-25,ST01,Lina,Sales,36111
2026-04-25,ST01,Lina,Procurement,14390
2026-04-25,ST03,Occhan,Sales,32572
2026-04-25,ST03,Occhan,Procurement,14889
2026-04-25,ST02,Poco,Sales,14791
2026-04-25,ST02,Poco,Procurement,1904
2026-04-27,ST01,Lina,Sales,38034
2026-04-27,ST01,Lina,Procurement,16308
2026-04-27,ST03,Occhan,Sales,7663
2026-04-27,ST03,Occhan,Procurement,3739
2026-04-27,ST02,Poco,Sales,12991
2026-04-27,ST02,Poco,Procurement,1854
2026-04-28,ST01,Lina,Sales,26888
2026-04-28,ST01,Lina,Procurement,10704
2026-04-28,ST03,Occhan,Sales,25180
2026-04-28,ST03,Occhan,Procurement,12540
2026-04-28,ST02,Poco,Sales,10402
2026-04-28,ST02,Poco,Procurement,1599
2026-04-29,ST01,Lina,Sales,33916
2026-04-29,ST01,Lina,Procurement,12262
2026-04-29,ST03,Occhan,Sales,23032
2026-04-29,ST03,Occhan,Procurement,11299
2026-04-29,ST02,Poco,Sales,14311
2026-04-29,ST02,Poco,Procurement,2083
2026-04-30,ST01,Lina,Sales,38311
2026-04-30,ST01,Lina,Procurement,14951
2026-04-30,ST03,Occhan,Sales,26795
2026-04-30,ST03,Occhan,Procurement,12333
2026-04-30,ST02,Poco,Sales,10292
2026-04-30,ST02,Poco,Procurement,1493
2026-05-01,ST01,Lina,Sales,33909
2026-05-01,ST01,Lina,Procurement,13974
2026-05-01,ST03,Occhan,Sales,26723
2026-05-01,ST03,Occhan,Procurement,11799
2026-05-01,ST02,Poco,Sales,12194
2026-05-01,ST02,Poco,Procurement,1671
2026-05-02,ST01,Lina,Sales,32344
2026-05-02,ST01,Lina,Procurement,12018
2026-05-02,ST03,Occhan,Sales,31865
2026-05-02,ST03,Occhan,Procurement,14858
2026-05-02,ST02,Poco,Sales,0
2026-05-04,ST01,Lina,Sales,37226
2026-05-04,ST01,Lina,Procurement,16240
2026-05-04,ST03,Occhan,Sales,23975
2026-05-04,ST03,Occhan,Procurement,12269
2026-05-04,ST02,Poco,Sales,0
2026-05-05,ST01,Lina,Sales,28258
2026-05-05,ST01,Lina,Procurement,12346
2026-05-05,ST03,Occhan,Sales,31780
2026-05-05,ST03,Occhan,Procurement,14546
2026-05-05,ST02,Poco,Sales,0
2026-05-06,ST01,Lina,Sales,27620
2026-05-06,ST01,Lina,Procurement,11172
2026-05-06,ST03,Occhan,Sales,25922
2026-05-06,ST03,Occhan,Procurement,11275
2026-05-06,ST02,Poco,Sales,10645
2026-05-06,ST02,Poco,Procurement,1528
2026-05-07,ST01,Lina,Sales,26028
2026-05-07,ST01,Lina,Procurement,10393
2026-05-07,ST03,Occhan,Sales,22023
2026-05-07,ST03,Occhan,Procurement,11149
2026-05-07,ST02,Poco,Sales,0
2026-05-08,ST01,Lina,Sales,29120
2026-05-08,ST01,Lina,Procurement,11811
2026-05-08,ST03,Occhan,Sales,26944
2026-05-08,ST03,Occhan,Procurement,13073
2026-05-08,ST02,Poco,Sales,0
2026-05-09,ST01,Lina,Sales,28145
2026-05-09,ST01,Lina,Procurement,11714
2026-05-09,ST03,Occhan,Sales,25016
2026-05-09,ST03,Occhan,Procurement,11800
2026-05-09,ST02,Poco,Sales,10450
2026-05-09,ST02,Poco,Procurement,1385
2026-05-11,ST01,Lina,Sales,32518
2026-05-11,ST01,Lina,Procurement,12867
2026-05-11,ST03,Occhan,Sales,7356
2026-05-11,ST03,Occhan,Procurement,3795
2026-05-11,ST02,Poco,Sales,14496
2026-05-11,ST02,Poco,Procurement,2008
2026-05-12,ST01,Lina,Sales,28016
2026-05-12,ST01,Lina,Procurement,12010
2026-05-12,ST03,Occhan,Sales,32492
2026-05-12,ST03,Occhan,Procurement,16213
2026-05-12,ST02,Poco,Sales,0
2026-05-13,ST01,Lina,Sales,29813
2026-05-13,ST01,Lina,Procurement,10742
2026-05-13,ST03,Occhan,Sales,27708
2026-05-13,ST03,Occhan,Procurement,14559
2026-05-13,ST02,Poco,Sales,10850
2026-05-13,ST02,Poco,Procurement,1468
2026-05-14,ST01,Lina,Sales,28953
2026-05-14,ST01,Lina,Procurement,10664
2026-05-14,ST03,Occhan,Sales,30130
2026-05-14,ST03,Occhan,Procurement,13578
2026-05-14,ST02,Poco,Sales,12443
2026-05-14,ST02,Poco,Procurement,1743
2026-05-15,ST01,Lina,Sales,37568
2026-05-15,ST01,Lina,Procurement,14272
2026-05-15,ST03,Occhan,Sales,28884
2026-05-15,ST03,Occhan,Procurement,13689
2026-05-15,ST02,Poco,Sales,0
2026-05-16,ST01,Lina,Sales,33867
2026-05-16,ST01,Lina,Procurement,14786
2026-05-16,ST03,Occhan,Sales,28220
2026-05-16,ST03,Occhan,Procurement,13615
2026-05-16,ST02,Poco,Sales,11749
2026-05-16,ST02,Poco,Procurement,1606
2026-05-18,ST01,Lina,Sales,36047
2026-05-18,ST01,Lina,Procurement,14033
2026-05-18,ST03,Occhan,Sales,23107
2026-05-18,ST03,Occhan,Procurement,10108
2026-05-18,ST02,Poco,Sales,10917
2026-05-18,ST02,Poco,Procurement,1489
2026-05-19,ST01,Lina,Sales,31189
2026-05-19,ST01,Lina,Procurement,12893
2026-05-19,ST03,Occhan,Sales,24582
2026-05-19,ST03,Occhan,Procurement,10733
2026-05-19,ST02,Poco,Sales,13795
2026-05-19,ST02,Poco,Procurement,1811
2026-05-20,ST01,Lina,Sales,35990
2026-05-20,ST01,Lina,Procurement,13705
2026-05-20,ST03,Occhan,Sales,23373
2026-05-20,ST03,Occhan,Procurement,10739
2026-05-20,ST02,Poco,Sales,0
2026-05-21,ST01,Lina,Sales,29517
2026-05-21,ST01,Lina,Procurement,12233
2026-05-21,ST03,Occhan,Sales,26239
2026-05-21,ST03,Occhan,Procurement,12656
2026-05-21,ST02,Poco,Sales,11854
2026-05-21,ST02,Poco,Procurement,1719
2026-05-22,ST01,Lina,Sales,34495
2026-05-22,ST01,Lina,Procurement,12483
2026-05-22,ST03,Occhan,Sales,29627
2026-05-22,ST03,Occhan,Procurement,14744
2026-05-22,ST02,Poco,Sales,12419
2026-05-22,ST02,Poco,Procurement,1836
2026-05-23,ST01,Lina,Sales,33264
2026-05-23,ST01,Lina,Procurement,13398
2026-05-23,ST03,Occhan,Sales,27509
2026-05-23,ST03,Occhan,Procurement,12350
2026-05-23,ST02,Poco,Sales,11582
2026-05-23,ST02,Poco,Procurement,1747
2026-05-25,ST01,Lina,Sales,36604
2026-05-25,ST01,Lina,Procurement,13758
2026-05-25,ST03,Occhan,Sales,8580
2026-05-25,ST03,Occhan,Procurement,4312
2026-05-25,ST02,Poco,Sales,12823
2026-05-25,ST02,Poco,Procurement,1703
2026-05-26,ST01,Lina,Sales,37251
2026-05-26,ST01,Lina,Procurement,13704
2026-05-26,ST03,Occhan,Sales,23113
2026-05-26,ST03,Occhan,Procurement,10717
2026-05-26,ST02,Poco,Sales,13874
2026-05-26,ST02,Poco,Procurement,2069
2026-05-27,ST01,Lina,Sales,35723
2026-05-27,ST01,Lina,Procurement,15303
2026-05-27,ST03,Occhan,Sales,32342
2026-05-27,ST03,Occhan,Procurement,14853
2026-05-27,ST02,Poco,Sales,10959
2026-05-27,ST02,Poco,Procurement,1666
2026-05-28,ST01,Lina,Sales,30509
2026-05-28,ST01,Lina,Procurement,13013
2026-05-28,ST03,Occhan,Sales,26997
2026-05-28,ST03,Occhan,Procurement,12598
2026-05-28,ST02,Poco,Sales,12473
2026-05-28,ST02,Poco,Procurement,1593
2026-05-29,ST01,Lina,Sales,31034
2026-05-29,ST01,Lina,Procurement,11262
2026-05-29,ST03,Occhan,Sales,30560
2026-05-29,ST03,Occhan,Procurement,13508
2026-05-29,ST02,Poco,Sales,14434
2026-05-29,ST02,Poco,Procurement,1982
2026-05-30,ST01,Lina,Sales,32012
2026-05-30,ST01,Lina,Procurement,13426
2026-05-30,ST03,Occhan,Sales,28658
2026-05-30,ST03,Occhan,Procurement,14212
2026-05-30,ST02,Poco,Sales,10028
2026-05-30,ST02,Poco,Procurement,1378
2026-06-01,ST01,Lina,Sales,34479
2026-06-01,ST01,Lina,Procurement,14987
2026-06-01,ST03,Occhan,Sales,9507
2026-06-01,ST03,Occhan,Procurement,4460
2026-06-01,ST02,Poco,Sales,11820
2026-06-01,ST02,Poco,Procurement,1621
2026-06-02,ST01,Lina,Sales,31842
2026-06-02,ST01,Lina,Procurement,12104
2026-06-02,ST03,Occhan,Sales,29894
2026-06-02,ST03,Occhan,Procurement,14039
2026-06-02,ST02,Poco,Sales,0
2026-06-03,ST01,Lina,Sales,35809
2026-06-03,ST01,Lina,Procurement,13413
2026-06-03,ST03,Occhan,Sales,26621
2026-06-03,ST03,Occhan,Procurement,12478
2026-06-03,ST02,Poco,Sales,14278
2026-06-03,ST02,Poco,Procurement,2144
2026-06-04,ST01,Lina,Sales,35851
2026-06-04,ST01,Lina,Procurement,14764
2026-06-04,ST03,Occhan,Sales,28347
2026-06-04,ST03,Occhan,Procurement,14064
2026-06-04,ST02,Poco,Sales,10677
2026-06-04,ST02,Poco,Procurement,1550
2026-06-05,ST01,Lina,Sales,33824
2026-06-05,ST01,Lina,Procurement,14166
2026-06-05,ST03,Occhan,Sales,32246
2026-06-05,ST03,Occhan,Procurement,15599
2026-06-05,ST02,Poco,Sales,0
2026-06-06,ST01,Lina,Sales,30250
2026-06-06,ST01,Lina,Procurement,11022
2026-06-06,ST03,Occhan,Sales,29674
2026-06-06,ST03,Occhan,Procurement,13322
2026-06-06,ST02,Poco,Sales,10849
2026-06-06,ST02,Poco,Procurement,1376
2026-06-08,ST01,Lina,Sales,34947
2026-06-08,ST01,Lina,Procurement,14097
2026-06-08,ST03,Occhan,Sales,9594
2026-06-08,ST03,Occhan,Procurement,4915
2026-06-08,ST02,Poco,Sales,13559
2026-06-08,ST02,Poco,Procurement,1895
2026-06-09,ST01,Lina,Sales,37459
2026-06-09,ST01,Lina,Procurement,15954
2026-06-09,ST03,Occhan,Sales,23056
2026-06-09,ST03,Occhan,Procurement,11417
2026-06-09,ST02,Poco,Sales,10427
2026-06-09,ST02,Poco,Procurement,1433
2026-06-10,ST01,Lina,Sales,32900
2026-06-10,ST01,Lina,Procurement,12065
2026-06-10,ST03,Occhan,Sales,29169
2026-06-10,ST03,Occhan,Procurement,14342
2026-06-10,ST02,Poco,Sales,11427
2026-06-10,ST02,Poco,Procurement,1465
2026-06-11,ST01,Lina,Sales,33392
2026-06-11,ST01,Lina,Procurement,12502
2026-06-11,ST03,Occhan,Sales,31882
2026-06-11,ST03,Occhan,Procurement,15615
2026-06-11,ST02,Poco,Sales,13361
2026-06-11,ST02,Poco,Procurement,1969
2026-06-12,ST01,Lina,Sales,37986
2026-06-12,ST01,Lina,Procurement,15632
2026-06-12,ST03,Occhan,Sales,24448
2026-06-12,ST03,Occhan,Procurement,12341
2026-06-12,ST02,Poco,Sales,11495
2026-06-12,ST02,Poco,Procurement,1584
2026-06-13,ST01,Lina,Sales,31646
2026-06-13,ST01,Lina,Procurement,12118
2026-06-13,ST03,Occhan,Sales,22042
2026-06-13,ST03,Occhan,Procurement,11259
2026-06-13,ST02,Poco,Sales,14568
2026-06-13,ST02,Poco,Procurement,1950
2026-06-15,ST01,Lina,Sales,27490
2026-06-15,ST01,Lina,Procurement,9984
2026-06-15,ST03,Occhan,Sales,6119
2026-06-15,ST03,Occhan,Procurement,2762
2026-06-15,ST02,Poco,Sales,12563
2026-06-15,ST02,Poco,Procurement,1920
2026-06-16,ST01,Lina,Sales,37946
2026-06-16,ST01,Lina,Procurement,15689
2026-06-16,ST03,Occhan,Sales,31964
2026-06-16,ST03,Occhan,Procurement,16317
2026-06-16,ST02,Poco,Sales,10039
2026-06-16,ST02,Poco,Procurement,1369
2026-06-17,ST01,Lina,Sales,27443
2026-06-17,ST01,Lina,Procurement,9970
2026-06-17,ST03,Occhan,Sales,29941
2026-06-17,ST03,Occhan,Procurement,14799
2026-06-17,ST02,Poco,Sales,0
2026-06-18,ST01,Lina,Sales,30474
2026-06-18,ST01,Lina,Procurement,11205
2026-06-18,ST03,Occhan,Sales,31348
2026-06-18,ST03,Occhan,Procurement,14120
2026-06-18,ST02,Poco,Sales,0
2026-06-19,ST01,Lina,Sales,28205
2026-06-19,ST01,Lina,Procurement,11491
2026-06-19,ST03,Occhan,Sales,25303
2026-06-19,ST03,Occhan,Procurement,12833
2026-06-19,ST02,Poco,Sales,10151
2026-06-19,ST02,Poco,Procurement,1560
2026-06-20,ST01,Lina,Sales,28663
2026-06-20,ST01,Lina,Procurement,10799
2026-06-20,ST03,Occhan,Sales,28199
2026-06-20,ST03,Occhan,Procurement,14422
2026-06-20,ST02,Poco,Sales,0
2026-06-22,ST01,Lina,Sales,32631
2026-06-22,ST01,Lina,Procurement,14348
2026-06-22,ST03,Occhan,Sales,26533
2026-06-22,ST03,Occhan,Procurement,12947
2026-06-22,ST02,Poco,Sales,12890
2026-06-22,ST02,Poco,Procurement,1733
2026-06-23,ST01,Lina,Sales,37211
2026-06-23,ST01,Lina,Procurement,14024
2026-06-23,ST03,Occhan,Sales,32843
2026-06-23,ST03,Occhan,Procurement,15132
2026-06-23,ST02,Poco,Sales,10174
2026-06-23,ST02,Poco,Procurement,1387
2026-06-24,ST01,Lina,Sales,38849
2026-06-24,ST01,Lina,Procurement,15319
2026-06-24,ST03,Occhan,Sales,30572
2026-06-24,ST03,Occhan,Procurement,14985
2026-06-24,ST02,Poco,Sales,14394
2026-06-24,ST02,Poco,Procurement,2080
2026-06-25,ST01,Lina,Sales,31924
2026-06-25,ST01,Lina,Procurement,11775
2026-06-25,ST03,Occhan,Sales,27429
2026-06-25,ST03,Occhan,Procurement,11916
2026-06-25,ST02,Poco,Sales,13471
2026-06-25,ST02,Poco,Procurement,2021
2026-06-26,ST01,Lina,Sales,35032
2026-06-26,ST01,Lina,Procurement,12747
2026-06-26,ST03,Occhan,Sales,26191
2026-06-26,ST03,Occhan,Procurement,12464
2026-06-26,ST02,Poco,Sales,11205
2026-06-26,ST02,Poco,Procurement,1595
2026-06-27,ST01,Lina,Sales,34189
2026-06-27,ST01,Lina,Procurement,13715
2026-06-27,ST03,Occhan,Sales,29196
2026-06-27,ST03,Occhan,Procurement,14639
2026-06-27,ST02,Poco,Sales,11422
2026-06-27,ST02,Poco,Procurement,1673
2026-06-29,ST01,Lina,Sales,27363
2026-06-29,ST01,Lina,Procurement,11546
2026-06-29,ST03,Occhan,Sales,30868
2026-06-29,ST03,Occhan,Procurement,14094
2026-06-29,ST02,Poco,Sales,0
2026-06-30,ST01,Lina,Sales,27125
2026-06-30,ST01,Lina,Procurement,11915
2026-06-30,ST03,Occhan,Sales,27225
2026-06-30,ST03,Occhan,Procurement,13600
2026-06-30,ST02,Poco,Sales,13526
2026-06-30,ST02,Poco,Procurement,1982
